customer_id,name,age,city,account_type,account_age_days,credit_score,branch_id
CUST0001,Rahul Singh,22,Hyderabad,Savings,281,528,BLR-003
CUST0002,Karan Singh,0,Jaipur,Savings,1806,732,MU-001
CUST0003,Aarav Patel,34,Chennai,Loan,790,327,JAI-009
CUST0004,Ayaan Tiwari,47,Chennai,Current,547,584,MU-001
CUST0005,Reyansh Iyer,42,Hyderabad,Savings,101,520,PUN-006
CUST0006,Vihaan Patel,45,Delhi,Current,101,652,LKN-010
CUST0007,Krishna Verma,50,Jaipur,Savings,35,687,DL-002
CUST0008,Meera Reddy,61,Lucknow,Current,1206,891,CHN-004
CUST0009,Siddharth Patel,23,Chennai,Current,551,381,CHN-004
CUST0010,Vihaan Bose,38,Ahmedabad,Loan,738,673,BLR-003
CUST0011,Diya Shah,34,Hyderabad,Loan,12,373,LKN-010
CUST0012,Rahul Mehta,55,Chennai,Savings,2102,773,KOL-007
CUST0013,Krishna Tiwari,35,Pune,Savings,1071,534,MU-001
CUST0014,Ananya Bose,38,Delhi,Savings,143,880,PUN-006
CUST0015,Ayaan Malhotra,46,Ahmedabad,Savings,120,571,BLR-003
CUST0016,Atharva Tiwari,55,Hyderabad,Loan,121,898,KOL-007
CUST0017,Riya Bose,44,Chennai,Savings,217,821,AHM-008
CUST0018,Aditya Verma,28,Bengaluru,Loan,446,463,KOL-007
CUST0019,Pooja Patel,45,Kolkata,Loan,339,779,JAI-009
CUST0020,Krishna Tiwari,21,Delhi,Loan,206,849,HYD-005
CUST0021,Rahul Rao,28,Hyderabad,Current,567,461,AHM-008
CUST0022,Aarav Nair,53,Bengaluru,Loan,90,408,HYD-005
CUST0023,Rahul Saxena,59,Chennai,Savings,207,682,BLR-003
CUST0024,Meera Saxena,21,Lucknow,Current,273,800,MU-001
CUST0025,Vihaan Shah,40,Chennai,Savings,365,546,LKN-010
CUST0026,Aditya Patel,52,Delhi,Loan,922,428,BLR-003
CUST0027,Rohan Malhotra,56,Bengaluru,Current,133,840,LKN-010
CUST0028,Priya Joshi,55,Chennai,Loan,433,619,KOL-007
CUST0029,Rohan Shah,49,Jaipur,Current,538,423,CHN-004
CUST0030,Atharva Patel,42,Mumbai,Loan,28,867,CHN-004
CUST0031,Riya Gupta,21,Delhi,Loan,561,360,CHN-004
CUST0032,Aditya Verma,42,,Loan,112,543,HYD-005
CUST0033,Rohan Malhotra,34,Jaipur,Savings,40,884,LKN-010
CUST0034,Shreya Gupta,51,Kolkata,Savings,1784,396,DL-002
CUST0035,Rohan Iyer,43,Kolkata,Current,2022,778,MU-001
CUST0036,Rohan Singh,24,Kolkata,Loan,991,647,DL-002
CUST0037,Atharva Joshi,33,Jaipur,Current,217,443,KOL-007
CUST0038,Reyansh Nair,50,Chennai,Savings,61,753,JAI-009
CUST0039,Vihaan Verma,62,Jaipur,Savings,691,395,CHN-004
CUST0040,Reyansh Iyer,52,Ahmedabad,Savings,348,710,MU-001
CUST0041,Reyansh Bose,21,Kolkata,Current,78,765,HYD-005
CUST0042,Priya Tiwari,63,Ahmedabad,Savings,410,494,HYD-005
CUST0043,Ayaan Verma,58,Jaipur,Savings,20,621,MU-001
CUST0044,Vivaan Malhotra,53,Jaipur,Savings,1440,358,JAI-009
CUST0045,Aditya Mehta,25,Lucknow,Savings,179,540,KOL-007
CUST0046,Vihaan Gupta,58,Lucknow,Savings,651,383,KOL-007
CUST0047,Rohan Saxena,41,Hyderabad,Savings,224,621,CHN-004
CUST0048,Krishna Bose,29,,Current,440,623,DL-002
CUST0049,Aarav Kapoor,60,Lucknow,Savings,474,375,JAI-009
CUST0050,Ayaan Saxena,37,Bengaluru,Current,122,370,CHN-004
CUST0051,Diya Reddy,31,Ahmedabad,Loan,2095,609,LKN-010
CUST0052,Rahul Saxena,21,Jaipur,Current,895,406,BLR-003
CUST0053,Krishna Singh,27,Jaipur,Savings,1683,578,HYD-005
CUST0054,Pooja Joshi,42,Chennai,Loan,1351,570,JAI-009
CUST0055,Shreya Nair,24,Delhi,Loan,546,733,HYD-005
CUST0056,Vivaan Sharma,42,Bengaluru,Loan,1529,568,BLR-003
CUST0057,Karan Kapoor,56,Kolkata,Loan,55,309,DL-002
CUST0058,Aditya Kumar,55,Mumbai,Current,130,896,JAI-009
CUST0059,Arjun Iyer,29,Mumbai,Current,27,673,MU-001
CUST0060,Diya Joshi,64,Chennai,Loan,236,405,PUN-006
CUST0061,Meera Iyer,60,Bengaluru,Savings,295,466,BLR-003
CUST0062,Priya Sharma,32,Pune,Current,189,554,HYD-005
CUST0063,Reyansh Singh,45,Mumbai,Current,1058,527,CHN-004
CUST0064,Kavya Shah,40,Chennai,Savings,264,324,CHN-004
CUST0065,Saanvi Rao,38,Delhi,Current,197,659,JAI-009
CUST0066,Saanvi Tiwari,42,,Savings,469,567,BLR-003
CUST0067,Riya Nair,23,,Loan,91,744,PUN-006
CUST0068,Karan Rao,48,,Loan,972,418,KOL-007
CUST0069,Riya Joshi,37,Mumbai,Loan,46,746,MU-001
CUST0070,Aisha Tiwari,64,Chennai,Current,2600,741,DL-002
CUST0071,Rohan Rao,60,Pune,Loan,887,427,HYD-005
CUST0072,Aisha Reddy,63,Kolkata,Current,132,712,HYD-005
CUST0073,Meera Kumar,33,Kolkata,Loan,3,688,BLR-003
CUST0074,Pooja Reddy,46,Jaipur,Savings,1013,611,HYD-005
CUST0075,Ayaan Iyer,58,Lucknow,Loan,736,629,AHM-008
CUST0076,Kavya Kapoor,64,Chennai,Loan,783,784,BLR-003
CUST0077,Rohan Patel,39,Jaipur,Loan,885,643,DL-002
CUST0078,Atharva Reddy,35,Chennai,Savings,46,325,MU-001
CUST0079,Atharva Malhotra,60,Delhi,Current,266,724,LKN-010
CUST0080,Ayaan Bose,52,Kolkata,Savings,73,451,MU-001
CUST0081,Vihaan Iyer,35,Bengaluru,Loan,1193,830,AHM-008
CUST0082,Vivaan Tiwari,36,Delhi,Current,585,436,AHM-008
CUST0083,Rohan Saxena,56,Lucknow,Current,241,753,LKN-010
CUST0084,Karan Saxena,48,Jaipur,Current,39,462,AHM-008
CUST0085,Kavya Nair,36,Hyderabad,Loan,223,796,CHN-004
CUST0086,Krishna Kapoor,25,Hyderabad,Savings,235,578,PUN-006
CUST0087,Ananya Tiwari,26,Bengaluru,Savings,784,536,KOL-007
CUST0088,Siddharth Kumar,34,Delhi,Current,608,717,PUN-006
CUST0089,Meera Kapoor,47,Mumbai,Savings,1309,730,KOL-007
CUST0090,Riya Sharma,57,Kolkata,Current,383,306,PUN-006
CUST0091,Ishaan Bose,47,,Loan,76,859,LKN-010
CUST0092,Atharva Malhotra,35,Hyderabad,Current,749,797,MU-001
CUST0093,Saanvi Rao,63,Kolkata,Loan,858,469,AHM-008
CUST0094,Arjun Tiwari,22,Kolkata,Loan,494,877,MU-001
CUST0095,Aditya Iyer,29,Ahmedabad,Savings,884,351,HYD-005
CUST0096,Saanvi Rao,34,Ahmedabad,Current,408,645,KOL-007
CUST0097,Krishna Iyer,37,Delhi,Current,443,319,JAI-009
CUST0098,Vivaan Shah,35,Delhi,Loan,334,341,MU-001
CUST0099,Atharva Joshi,22,Lucknow,Savings,15,544,BLR-003
CUST0100,Shreya Singh,57,Chennai,Current,68,562,PUN-006
CUST0101,Reyansh Singh,31,Hyderabad,Savings,19,892,MU-001
CUST0102,Ishaan Bose,46,Chennai,Savings,607,548,DL-002
CUST0103,Siddharth Reddy,64,Lucknow,Savings,226,879,MU-001
CUST0104,Diya Tiwari,48,Pune,Savings,426,818,PUN-006
CUST0105,Aarav Iyer,52,Delhi,Current,1428,670,AHM-008
CUST0106,Siddharth Kumar,48,Bengaluru,Loan,172,834,HYD-005
CUST0107,Pooja Tiwari,51,Ahmedabad,Current,316,574,PUN-006
CUST0108,Atharva Patel,38,Ahmedabad,Savings,845,775,LKN-010
CUST0109,Pooja Bose,42,Mumbai,Current,155,632,BLR-003
CUST0110,Shreya Joshi,43,Hyderabad,Current,48,586,LKN-010
CUST0111,Siddharth Nair,56,Mumbai,Loan,205,495,DL-002
CUST0112,Atharva Iyer,52,Jaipur,Savings,105,787,AHM-008
CUST0113,Kavya Sharma,26,Hyderabad,Savings,1592,714,CHN-004
CUST0114,Ishaan Shah,51,Jaipur,Loan,990,652,KOL-007
CUST0115,Karan Tiwari,42,Pune,Loan,602,764,HYD-005
CUST0116,Ishaan Nair,35,Delhi,Loan,1230,497,PUN-006
CUST0117,Vihaan Tiwari,65,Bengaluru,Savings,976,521,AHM-008
CUST0118,Krishna Saxena,59,Hyderabad,Savings,123,498,HYD-005
CUST0119,Atharva Shah,32,Hyderabad,Savings,1338,846,BLR-003
CUST0120,Krishna Verma,24,,Current,465,429,AHM-008
CUST0121,Vihaan Sharma,57,Hyderabad,Current,988,790,AHM-008
CUST0122,Ananya Mehta,24,Hyderabad,Current,1358,416,DL-002
CUST0123,Saanvi Malhotra,25,Lucknow,Loan,229,354,BLR-003
CUST0124,Arjun Reddy,26,Chennai,Savings,69,871,KOL-007
CUST0125,Pooja Gupta,54,Kolkata,Current,155,753,HYD-005
CUST0126,Riya Iyer,40,Lucknow,Loan,334,361,LKN-010
CUST0127,Karan Singh,34,Chennai,Current,1022,383,BLR-003
CUST0128,Atharva Mehta,56,Delhi,Savings,1182,302,KOL-007
CUST0129,Kavya Malhotra,39,Mumbai,Savings,4,595,HYD-005
CUST0130,Siddharth Kapoor,0,Chennai,Current,428,502,KOL-007
CUST0131,Vihaan Tiwari,35,Bengaluru,Current,324,445,DL-002
CUST0132,Vivaan Mehta,0,Lucknow,Loan,150,882,HYD-005
CUST0133,Kavya Singh,50,Hyderabad,Loan,76,712,HYD-005
CUST0134,Aisha Tiwari,52,Ahmedabad,Savings,247,340,KOL-007
CUST0135,Karan Rao,59,Hyderabad,Savings,1717,393,CHN-004
CUST0136,Rohan Sharma,64,Hyderabad,Loan,234,341,BLR-003
CUST0137,Shreya Saxena,62,Ahmedabad,Current,438,485,LKN-010
CUST0138,Priya Malhotra,26,Ahmedabad,Current,728,718,PUN-006
CUST0139,Ananya Singh,31,Pune,Current,271,807,HYD-005
CUST0140,Rohan Bose,56,Mumbai,Current,2140,390,PUN-006
CUST0141,Krishna Rao,28,Kolkata,Loan,1969,301,JAI-009
CUST0142,Kavya Iyer,24,Chennai,Loan,174,670,LKN-010
CUST0143,Shreya Kapoor,24,,Current,412,862,BLR-003
CUST0144,Ishaan Kapoor,65,Ahmedabad,Savings,214,329,LKN-010
CUST0145,Atharva Mehta,40,Jaipur,Savings,201,865,KOL-007
CUST0146,Aditya Gupta,28,Ahmedabad,Savings,22,457,AHM-008
CUST0147,Siddharth Reddy,53,,Current,564,794,AHM-008
CUST0148,Atharva Kapoor,56,Bengaluru,Current,419,495,LKN-010
CUST0149,Aisha Kumar,25,Hyderabad,Current,31,648,JAI-009
CUST0150,Krishna Sharma,39,Hyderabad,Loan,195,893,AHM-008
CUST0151,Arjun Kapoor,55,Ahmedabad,Current,1433,640,JAI-009
CUST0152,Meera Bose,50,Pune,Savings,164,544,LKN-010
CUST0153,Saanvi Gupta,47,Mumbai,Current,93,784,KOL-007
CUST0154,Saanvi Kumar,52,Mumbai,Savings,403,814,LKN-010
CUST0155,Ananya Singh,49,Delhi,Loan,2546,767,MU-001
CUST0156,Karan Kumar,47,Bengaluru,Savings,166,780,HYD-005
CUST0157,Ananya Bose,62,Delhi,Current,669,846,KOL-007
CUST0158,Ananya Malhotra,55,Mumbai,Loan,860,370,CHN-004
CUST0159,Rahul Reddy,35,Delhi,Current,162,400,DL-002
CUST0160,Kavya Mehta,65,Hyderabad,Savings,781,347,PUN-006
CUST0161,Vivaan Reddy,43,Pune,Current,275,449,CHN-004
CUST0162,Aisha Iyer,0,Bengaluru,Savings,600,479,DL-002
CUST0163,Pooja Bose,60,Chennai,Current,602,897,BLR-003
CUST0164,Atharva Kapoor,61,Hyderabad,Current,460,561,MU-001
CUST0165,Kavya Reddy,64,Jaipur,Savings,56,375,AHM-008
CUST0166,Diya Reddy,61,Kolkata,Loan,1082,556,AHM-008
CUST0167,Ishaan Joshi,45,Ahmedabad,Savings,232,542,KOL-007
CUST0168,Riya Shah,57,Hyderabad,Loan,123,602,MU-001
CUST0169,Rohan Bose,38,,Loan,24,350,LKN-010
CUST0170,Karan Malhotra,39,Chennai,Loan,536,660,CHN-004
CUST0171,Rahul Joshi,60,Hyderabad,Loan,679,440,DL-002
CUST0172,Rahul Verma,40,Ahmedabad,Savings,10,893,PUN-006
CUST0173,Karan Kumar,26,Hyderabad,Current,430,725,BLR-003
CUST0174,Ayaan Kumar,55,Pune,Loan,154,813,HYD-005
CUST0175,Reyansh Nair,51,Hyderabad,Loan,621,646,DL-002
CUST0176,Kavya Patel,30,Chennai,Loan,114,706,JAI-009
CUST0177,Diya Patel,46,Mumbai,Current,704,849,DL-002
CUST0178,Kavya Shah,64,Hyderabad,Loan,293,690,PUN-006
CUST0179,Vihaan Gupta,51,Mumbai,Loan,1656,874,PUN-006
CUST0180,Pooja Gupta,62,Delhi,Loan,88,775,HYD-005
CUST0181,Rahul Iyer,28,Bengaluru,Savings,250,338,HYD-005
CUST0182,Shreya Singh,27,Chennai,Loan,72,438,KOL-007
CUST0183,Kavya Shah,63,Jaipur,Current,1551,458,KOL-007
CUST0184,Rahul Singh,52,Lucknow,Current,1259,586,MU-001
CUST0185,Siddharth Shah,34,Ahmedabad,Current,178,541,PUN-006
CUST0186,Vihaan Shah,55,Pune,Savings,647,707,HYD-005
CUST0187,Ayaan Singh,50,Delhi,Loan,1019,517,LKN-010
CUST0188,Aarav Verma,42,Chennai,Savings,486,878,CHN-004
CUST0189,Aditya Tiwari,34,Lucknow,Savings,452,538,PUN-006
CUST0190,Arjun Sharma,38,,Savings,166,853,HYD-005
CUST0191,Reyansh Singh,63,Mumbai,Savings,58,315,PUN-006
CUST0192,Atharva Rao,22,Bengaluru,Current,1365,353,BLR-003
CUST0193,Karan Iyer,54,Delhi,Loan,1384,365,AHM-008
CUST0194,Kavya Shah,53,Lucknow,Savings,601,762,JAI-009
CUST0195,Atharva Verma,63,Jaipur,Current,248,769,MU-001
CUST0196,Vivaan Malhotra,46,Kolkata,Loan,257,410,AHM-008
CUST0197,Siddharth Kapoor,25,Delhi,Current,776,451,DL-002
CUST0198,Arjun Nair,60,Lucknow,Loan,1364,632,KOL-007
CUST0199,Pooja Saxena,39,Ahmedabad,Loan,1308,740,DL-002
CUST0200,Siddharth Singh,62,Jaipur,Loan,908,520,KOL-007
CUST0201,Kavya Gupta,47,Pune,Current,616,708,KOL-007
CUST0202,Karan Singh,41,Kolkata,Current,52,561,PUN-006
CUST0203,Arjun Malhotra,25,Delhi,Savings,105,395,KOL-007
CUST0204,Vihaan Shah,29,Jaipur,Savings,1372,900,JAI-009
CUST0205,Meera Rao,63,Delhi,Current,559,662,KOL-007
CUST0206,Karan Verma,39,Lucknow,Current,5,660,DL-002
CUST0207,Riya Saxena,34,Bengaluru,Loan,64,793,CHN-004
CUST0208,Vihaan Shah,56,Pune,Savings,653,585,LKN-010
CUST0209,Atharva Iyer,56,Lucknow,Loan,3,870,MU-001
CUST0210,Pooja Nair,22,Bengaluru,Current,105,616,PUN-006
CUST0211,Diya Sharma,32,Bengaluru,Loan,477,710,DL-002
CUST0212,Arjun Sharma,26,Jaipur,Savings,706,685,KOL-007
CUST0213,Kavya Rao,31,Pune,Current,633,632,LKN-010
CUST0214,Pooja Patel,24,Bengaluru,Savings,152,350,DL-002
CUST0215,Krishna Kapoor,63,Kolkata,Current,747,752,KOL-007
CUST0216,Krishna Joshi,53,Delhi,Current,162,740,DL-002
CUST0217,Ishaan Malhotra,54,Hyderabad,Savings,236,525,KOL-007
CUST0218,Pooja Verma,21,Chennai,Current,823,516,BLR-003
CUST0219,Krishna Reddy,41,Delhi,Savings,629,809,KOL-007
CUST0220,Reyansh Kumar,45,Jaipur,Loan,1135,535,JAI-009
CUST0221,Meera Shah,25,Kolkata,Loan,643,343,KOL-007
CUST0222,Aarav Kapoor,25,Pune,Loan,504,739,LKN-010
CUST0223,Saanvi Iyer,39,Delhi,Current,59,321,PUN-006
CUST0224,Reyansh Kapoor,65,Pune,Savings,275,747,DL-002
CUST0225,Atharva Iyer,58,Kolkata,Loan,184,380,KOL-007
CUST0226,Ishaan Rao,0,Pune,Savings,167,378,JAI-009
CUST0227,Rahul Singh,54,Jaipur,Savings,2167,657,PUN-006
CUST0228,Karan Kumar,36,Delhi,Savings,299,562,CHN-004
CUST0229,Reyansh Kumar,62,Delhi,Savings,1335,805,AHM-008
CUST0230,Riya Kapoor,64,Lucknow,Loan,598,630,PUN-006
CUST0231,Arjun Kapoor,25,Ahmedabad,Current,950,610,HYD-005
CUST0232,Riya Verma,43,Jaipur,Savings,419,617,AHM-008
CUST0233,Kavya Verma,24,Pune,Current,516,378,DL-002
CUST0234,Pooja Saxena,45,Ahmedabad,Loan,406,867,MU-001
CUST0235,Kavya Joshi,41,Lucknow,Current,130,813,BLR-003
CUST0236,Vivaan Kapoor,27,Pune,Loan,769,386,JAI-009
CUST0237,Rahul Mehta,23,Chennai,Loan,197,748,AHM-008
CUST0238,Aisha Saxena,60,Bengaluru,Current,14,681,HYD-005
CUST0239,Saanvi Iyer,42,Lucknow,Savings,622,642,DL-002
CUST0240,Ananya Singh,56,Kolkata,Current,116,558,LKN-010
CUST0241,Arjun Rao,26,Lucknow,Loan,1692,444,PUN-006
CUST0242,Ishaan Bose,29,Lucknow,Loan,1846,386,HYD-005
CUST0243,Meera Bose,62,Pune,Savings,1478,839,DL-002
CUST0244,Rahul Iyer,53,Pune,Savings,277,671,HYD-005
CUST0245,Reyansh Joshi,42,Ahmedabad,Savings,9,531,BLR-003
CUST0246,Arjun Patel,39,Delhi,Loan,1581,852,JAI-009
CUST0247,Vivaan Rao,60,Bengaluru,Loan,335,685,BLR-003
CUST0248,Reyansh Mehta,65,Lucknow,Savings,2040,748,MU-001
CUST0249,Priya Shah,64,Chennai,Current,1988,591,AHM-008
CUST0250,Atharva Tiwari,36,,Current,1150,498,PUN-006
CUST0251,Rohan Kapoor,50,Hyderabad,Current,209,814,JAI-009
CUST0252,Priya Mehta,33,Lucknow,Savings,291,556,MU-001
CUST0253,Rahul Malhotra,44,Jaipur,Savings,1142,828,DL-002
CUST0254,Ishaan Patel,31,Hyderabad,Current,228,825,BLR-003
CUST0255,Priya Patel,35,Ahmedabad,Current,111,327,KOL-007
CUST0256,Vivaan Bose,53,Pune,Savings,488,695,DL-002
CUST0257,Diya Gupta,22,Pune,Savings,1650,643,BLR-003
CUST0258,Arjun Verma,39,Ahmedabad,Loan,714,442,AHM-008
CUST0259,Kavya Sharma,26,Mumbai,Current,506,520,BLR-003
CUST0260,Meera Saxena,48,Delhi,Current,61,543,HYD-005
CUST0261,Vihaan Verma,36,Kolkata,Loan,572,768,DL-002
CUST0262,Vihaan Malhotra,59,Jaipur,Savings,2766,827,LKN-010
CUST0263,Atharva Kumar,39,Kolkata,Savings,90,661,CHN-004
CUST0264,Riya Iyer,32,Delhi,Loan,438,669,DL-002
CUST0265,Aisha Tiwari,53,Jaipur,Loan,1259,320,KOL-007
CUST0266,Shreya Verma,61,Kolkata,Current,810,559,MU-001
CUST0267,Diya Patel,43,Chennai,Loan,716,406,LKN-010
CUST0268,Karan Rao,29,Mumbai,Current,727,859,PUN-006
CUST0269,Rahul Mehta,64,Ahmedabad,Loan,267,790,BLR-003
CUST0270,Arjun Patel,50,Mumbai,Current,208,506,MU-001
CUST0271,Ayaan Verma,41,Hyderabad,Loan,994,707,JAI-009
CUST0272,Shreya Nair,23,Chennai,Current,996,665,MU-001
CUST0273,Rahul Rao,38,Delhi,Current,1210,747,KOL-007
CUST0274,Karan Kapoor,45,Pune,Savings,1466,808,AHM-008
CUST0275,Diya Saxena,38,Delhi,Loan,429,734,DL-002
CUST0276,Priya Mehta,55,Hyderabad,Current,417,405,DL-002
CUST0277,Ananya Reddy,40,Ahmedabad,Loan,960,736,BLR-003
CUST0278,Siddharth Kapoor,43,Ahmedabad,Savings,629,661,LKN-010
CUST0279,Priya Nair,61,Mumbai,Savings,726,715,PUN-006
CUST0280,Aisha Mehta,22,Bengaluru,Loan,953,748,MU-001
CUST0281,Arjun Patel,0,Pune,Current,1324,692,LKN-010
CUST0282,Vivaan Kumar,64,Ahmedabad,Current,247,680,AHM-008
CUST0283,Aditya Kumar,54,Pune,Current,282,621,HYD-005
CUST0284,Atharva Singh,22,Bengaluru,Current,59,830,KOL-007
CUST0285,Meera Singh,37,Hyderabad,Loan,518,756,CHN-004
CUST0286,Pooja Reddy,65,Ahmedabad,Savings,21,425,BLR-003
CUST0287,Aditya Kapoor,32,Ahmedabad,Savings,375,627,PUN-006
CUST0288,Siddharth Patel,56,Jaipur,Current,469,607,BLR-003
CUST0289,Siddharth Mehta,44,Jaipur,Savings,202,424,CHN-004
CUST0290,Arjun Gupta,52,,Current,536,867,LKN-010
CUST0291,Diya Kapoor,56,Bengaluru,Loan,18,388,DL-002
CUST0292,Ishaan Bose,51,Jaipur,Current,22,719,LKN-010
CUST0293,Aditya Kumar,41,Delhi,Current,1037,777,JAI-009
CUST0294,Diya Kumar,56,,Savings,267,432,KOL-007
CUST0295,Aisha Verma,28,Jaipur,Savings,81,611,BLR-003
CUST0296,Reyansh Rao,35,Pune,Loan,443,590,DL-002
CUST0297,Krishna Joshi,61,Jaipur,Current,881,428,HYD-005
CUST0298,Pooja Tiwari,26,Jaipur,Loan,145,472,LKN-010
CUST0299,Riya Kumar,31,Lucknow,Loan,585,645,LKN-010
CUST0300,Vivaan Sharma,26,Mumbai,Loan,53,890,HYD-005
CUST0301,Rahul Joshi,57,Kolkata,Loan,31,331,AHM-008
CUST0302,Rahul Tiwari,39,Hyderabad,Current,454,550,KOL-007
CUST0303,Ishaan Kapoor,25,Mumbai,Savings,466,750,KOL-007
CUST0304,Shreya Kapoor,34,Pune,Loan,608,447,PUN-006
CUST0305,Siddharth Rao,43,,Savings,776,679,JAI-009
CUST0306,Meera Singh,41,,Current,2234,425,HYD-005
CUST0307,Kavya Gupta,30,Delhi,Savings,435,597,KOL-007
CUST0308,Pooja Iyer,36,Bengaluru,Current,234,891,PUN-006
CUST0309,Ayaan Mehta,52,Jaipur,Current,951,810,HYD-005
CUST0310,Shreya Sharma,26,Kolkata,Loan,189,768,CHN-004
CUST0311,Ayaan Shah,24,,Current,346,806,LKN-010
CUST0312,Rahul Malhotra,39,,Savings,49,410,KOL-007
CUST0313,Arjun Nair,44,,Current,15,346,KOL-007
CUST0314,Vivaan Tiwari,33,Pune,Loan,1972,595,DL-002
CUST0315,Saanvi Saxena,0,Jaipur,Current,1084,421,BLR-003
CUST0316,Vihaan Bose,44,Pune,Loan,714,674,BLR-003
CUST0317,Ayaan Saxena,46,Jaipur,Savings,315,346,MU-001
CUST0318,Arjun Rao,0,Jaipur,Current,114,452,LKN-010
CUST0319,Aisha Kumar,41,Lucknow,Current,102,466,KOL-007
CUST0320,Pooja Reddy,58,Pune,Loan,172,821,JAI-009
CUST0321,Shreya Reddy,51,Mumbai,Current,478,639,DL-002
CUST0322,Priya Reddy,65,Mumbai,Loan,752,785,HYD-005
CUST0323,Rahul Gupta,24,,Current,647,474,JAI-009
CUST0324,Rahul Bose,30,Chennai,Savings,197,886,DL-002
CUST0325,Ayaan Sharma,49,Pune,Current,1858,455,KOL-007
CUST0326,Siddharth Joshi,47,Jaipur,Loan,803,782,MU-001
CUST0327,Siddharth Kumar,54,Chennai,Loan,484,632,AHM-008
CUST0328,Aisha Bose,41,Bengaluru,Current,567,845,PUN-006
CUST0329,Meera Shah,64,Hyderabad,Loan,326,795,CHN-004
CUST0330,Atharva Nair,56,Hyderabad,Savings,170,604,HYD-005
CUST0331,Siddharth Joshi,65,Ahmedabad,Current,264,791,PUN-006
CUST0332,Meera Nair,39,Delhi,Loan,850,856,KOL-007
CUST0333,Saanvi Shah,30,Hyderabad,Savings,8,594,DL-002
CUST0334,Diya Kapoor,62,Hyderabad,Loan,74,790,CHN-004
CUST0335,Ayaan Tiwari,38,Jaipur,Loan,28,578,BLR-003
CUST0336,Vihaan Gupta,36,Mumbai,Loan,24,843,CHN-004
CUST0337,Rahul Gupta,24,Delhi,Current,1160,638,AHM-008
CUST0338,Vihaan Kumar,21,Jaipur,Savings,729,716,AHM-008
CUST0339,Shreya Joshi,39,Pune,Current,385,360,DL-002
CUST0340,Rahul Gupta,55,Mumbai,Savings,61,727,BLR-003
CUST0341,Vivaan Bose,52,,Loan,405,596,MU-001
CUST0342,Aarav Reddy,57,Lucknow,Savings,384,643,HYD-005
CUST0343,Kavya Tiwari,54,Ahmedabad,Savings,114,816,AHM-008
CUST0344,Krishna Joshi,28,Pune,Savings,341,769,HYD-005
CUST0345,Siddharth Mehta,21,Pune,Current,305,881,CHN-004
CUST0346,Reyansh Bose,48,Jaipur,Current,574,388,KOL-007
CUST0347,Rohan Singh,0,Bengaluru,Current,604,631,CHN-004
CUST0348,Aarav Nair,45,Chennai,Current,27,573,PUN-006
CUST0349,Ishaan Sharma,37,Pune,Loan,281,541,MU-001
CUST0350,Rohan Singh,50,Hyderabad,Savings,589,715,JAI-009
CUST0351,Siddharth Reddy,65,Delhi,Loan,419,602,PUN-006
CUST0352,Pooja Gupta,35,Bengaluru,Current,1164,456,AHM-008
CUST0353,Karan Shah,47,Jaipur,Current,644,850,CHN-004
CUST0354,Atharva Patel,54,Ahmedabad,Loan,106,670,DL-002
CUST0355,Riya Singh,24,Jaipur,Loan,43,507,LKN-010
CUST0356,Meera Kumar,31,Pune,Loan,617,752,DL-002
CUST0357,Rohan Joshi,58,Ahmedabad,Savings,16,822,AHM-008
CUST0358,Vivaan Kapoor,29,Jaipur,Current,528,767,LKN-010
CUST0359,Vivaan Tiwari,50,Hyderabad,Loan,1690,322,KOL-007
CUST0360,Krishna Sharma,34,Lucknow,Savings,514,346,KOL-007
CUST0361,Diya Patel,55,Mumbai,Savings,294,783,MU-001
CUST0362,Ishaan Iyer,32,Bengaluru,Loan,618,730,PUN-006
CUST0363,Saanvi Kapoor,45,Kolkata,Savings,367,852,BLR-003
CUST0364,Rahul Shah,28,Bengaluru,Loan,473,702,JAI-009
CUST0365,Arjun Gupta,21,Mumbai,Current,1702,774,JAI-009
CUST0366,Priya Tiwari,45,Chennai,Savings,292,771,PUN-006
CUST0367,Arjun Nair,33,Delhi,Savings,1949,729,LKN-010
CUST0368,Aarav Gupta,34,Delhi,Savings,1414,334,AHM-008
CUST0369,Pooja Verma,36,Mumbai,Current,130,749,CHN-004
CUST0370,Meera Joshi,24,Bengaluru,Loan,43,596,CHN-004
CUST0371,Karan Rao,57,Lucknow,Loan,63,628,CHN-004
CUST0372,Ishaan Kumar,63,Jaipur,Savings,11,723,HYD-005
CUST0373,Krishna Verma,56,Lucknow,Loan,59,479,KOL-007
CUST0374,Meera Malhotra,24,Pune,Loan,689,690,JAI-009
CUST0375,Ananya Iyer,47,Bengaluru,Current,44,685,BLR-003
CUST0376,Meera Malhotra,0,Chennai,Current,230,447,AHM-008
CUST0377,Vivaan Tiwari,47,Kolkata,Loan,1118,842,BLR-003
CUST0378,Saanvi Gupta,37,Chennai,Current,14,380,AHM-008
CUST0379,Diya Patel,55,Chennai,Savings,1010,574,KOL-007
CUST0380,Rohan Verma,25,Chennai,Loan,198,872,CHN-004
CUST0381,Shreya Joshi,42,Hyderabad,Savings,75,516,CHN-004
CUST0382,Karan Singh,51,Chennai,Loan,715,509,KOL-007
CUST0383,Atharva Tiwari,41,Hyderabad,Current,594,777,JAI-009
CUST0384,Rahul Shah,40,Hyderabad,Current,1259,825,AHM-008
CUST0385,Kavya Singh,0,Pune,Savings,796,679,PUN-006
CUST0386,Priya Verma,57,Chennai,Loan,976,449,MU-001
CUST0387,Krishna Tiwari,58,Lucknow,Loan,198,727,HYD-005
CUST0388,Arjun Joshi,42,Chennai,Current,117,883,CHN-004
CUST0389,Shreya Tiwari,62,Pune,Current,833,800,AHM-008
CUST0390,Kavya Mehta,43,Bengaluru,Savings,986,859,AHM-008
CUST0391,Reyansh Tiwari,62,Mumbai,Loan,2794,334,DL-002
CUST0392,Rohan Verma,21,Kolkata,Savings,319,536,DL-002
CUST0393,Siddharth Kumar,21,Chennai,Loan,279,766,PUN-006
CUST0394,Vivaan Malhotra,63,Ahmedabad,Savings,898,306,JAI-009
CUST0395,Meera Iyer,21,Mumbai,Loan,250,581,JAI-009
CUST0396,Ishaan Sharma,53,Kolkata,Savings,1602,409,DL-002
CUST0397,Aisha Kumar,36,Chennai,Loan,1172,839,HYD-005
CUST0398,Diya Nair,46,Delhi,Current,336,715,AHM-008
CUST0399,Riya Gupta,65,Chennai,Current,833,382,MU-001
CUST0400,Aditya Bose,45,Kolkata,Loan,842,787,MU-001
CUST0401,Rahul Sharma,65,Bengaluru,Savings,65,811,KOL-007
CUST0402,Rahul Rao,57,Delhi,Loan,1397,343,CHN-004
CUST0403,Ayaan Malhotra,38,Mumbai,Savings,422,587,JAI-009
CUST0404,Riya Verma,32,Pune,Savings,1050,512,LKN-010
CUST0405,Arjun Bose,25,Hyderabad,Savings,231,877,CHN-004
CUST0406,Riya Bose,64,Jaipur,Current,1355,693,BLR-003
CUST0407,Siddharth Patel,53,Pune,Savings,295,400,KOL-007
CUST0408,Atharva Patel,42,Lucknow,Loan,6,706,PUN-006
CUST0409,Aarav Nair,49,Ahmedabad,Savings,1414,664,JAI-009
CUST0410,Saanvi Iyer,32,Lucknow,Loan,57,689,DL-002
CUST0411,Pooja Reddy,36,Delhi,Savings,230,574,BLR-003
CUST0412,Saanvi Kumar,45,Pune,Current,1798,409,DL-002
CUST0413,Aarav Reddy,49,Pune,Current,1804,404,BLR-003
CUST0414,Aditya Mehta,48,Ahmedabad,Loan,511,868,JAI-009
CUST0415,Priya Singh,22,Delhi,Current,599,867,DL-002
CUST0416,Pooja Rao,45,Mumbai,Current,357,723,KOL-007
CUST0417,Aditya Tiwari,0,Lucknow,Loan,208,473,KOL-007
CUST0418,Reyansh Kumar,38,Hyderabad,Current,239,804,BLR-003
CUST0419,Aditya Mehta,48,Hyderabad,Current,669,606,AHM-008
CUST0420,Aditya Shah,37,Chennai,Loan,837,807,LKN-010
CUST0421,Pooja Joshi,50,Delhi,Savings,940,611,MU-001
CUST0422,Saanvi Rao,60,Kolkata,Current,935,750,PUN-006
CUST0423,Priya Kumar,40,Pune,Loan,57,505,AHM-008
CUST0424,Ananya Mehta,46,Pune,Current,409,802,LKN-010
CUST0425,Atharva Rao,45,Hyderabad,Current,35,673,DL-002
CUST0426,Riya Joshi,58,Jaipur,Savings,478,863,MU-001
CUST0427,Karan Kapoor,34,Ahmedabad,Current,349,370,KOL-007
CUST0428,Rohan Malhotra,29,Hyderabad,Savings,1311,558,BLR-003
CUST0429,Siddharth Iyer,45,Delhi,Current,259,790,LKN-010
CUST0430,Saanvi Tiwari,53,Kolkata,Loan,74,337,PUN-006
CUST0431,Siddharth Tiwari,59,Delhi,Savings,92,554,PUN-006
CUST0432,Reyansh Verma,57,Kolkata,Current,860,740,DL-002
CUST0433,Aarav Singh,37,Chennai,Loan,577,831,JAI-009
CUST0434,Riya Gupta,49,Pune,Current,63,774,LKN-010
CUST0435,Siddharth Saxena,30,,Savings,52,794,DL-002
CUST0436,Ishaan Iyer,0,Delhi,Loan,724,445,PUN-006
CUST0437,Ishaan Rao,50,Chennai,Loan,45,794,PUN-006
CUST0438,Shreya Singh,49,Ahmedabad,Current,1035,368,HYD-005
CUST0439,Vivaan Singh,22,Pune,Loan,734,411,BLR-003
CUST0440,Karan Gupta,54,Bengaluru,Loan,50,463,PUN-006
CUST0441,Meera Iyer,0,Chennai,Current,53,488,BLR-003
CUST0442,Rahul Iyer,46,Mumbai,Loan,2589,502,AHM-008
CUST0443,Riya Iyer,45,Mumbai,Loan,281,519,CHN-004
CUST0444,Krishna Patel,57,Delhi,Loan,277,491,PUN-006
CUST0445,Ananya Joshi,50,Delhi,Current,1005,801,JAI-009
CUST0446,Rahul Rao,59,Kolkata,Loan,1765,701,LKN-010
CUST0447,Vihaan Shah,43,Ahmedabad,Loan,2561,476,HYD-005
CUST0448,Pooja Patel,64,Bengaluru,Current,839,420,CHN-004
CUST0449,Ishaan Singh,32,Pune,Loan,283,444,JAI-009
CUST0450,Saanvi Iyer,59,Bengaluru,Loan,52,692,KOL-007
CUST0451,Reyansh Malhotra,61,Jaipur,Loan,900,477,JAI-009
CUST0452,Reyansh Malhotra,39,Bengaluru,Savings,490,622,AHM-008
CUST0453,Pooja Verma,43,Mumbai,Current,331,439,CHN-004
CUST0454,Saanvi Tiwari,53,Ahmedabad,Current,1420,803,KOL-007
CUST0455,Siddharth Kapoor,52,Bengaluru,Savings,70,878,MU-001
CUST0456,Atharva Reddy,23,Hyderabad,Savings,407,850,HYD-005
CUST0457,Reyansh Kapoor,57,Ahmedabad,Loan,6,823,DL-002
CUST0458,Riya Singh,38,Jaipur,Current,379,855,MU-001
CUST0459,Karan Kapoor,55,Chennai,Current,34,404,CHN-004
CUST0460,Ishaan Verma,49,Hyderabad,Current,75,389,AHM-008
CUST0461,Vihaan Gupta,34,Lucknow,Loan,75,659,LKN-010
CUST0462,Rahul Iyer,31,Lucknow,Savings,628,511,CHN-004
CUST0463,Vivaan Shah,55,Hyderabad,Loan,822,851,BLR-003
CUST0464,Ananya Reddy,39,Lucknow,Current,525,826,DL-002
CUST0465,Arjun Iyer,24,Hyderabad,Loan,1964,429,BLR-003
CUST0466,Atharva Kumar,41,Chennai,Loan,281,702,AHM-008
CUST0467,Arjun Nair,61,Kolkata,Current,201,762,DL-002
CUST0468,Rahul Patel,46,Jaipur,Loan,1217,584,PUN-006
CUST0469,Kavya Malhotra,41,Lucknow,Savings,151,395,AHM-008
CUST0470,Rahul Shah,25,Jaipur,Current,1981,523,KOL-007
CUST0471,Ayaan Malhotra,38,Pune,Current,7,645,JAI-009
CUST0472,Riya Kumar,57,Ahmedabad,Current,2101,349,MU-001
CUST0473,Vihaan Kapoor,22,Delhi,Savings,26,751,AHM-008
CUST0474,Aarav Iyer,33,Bengaluru,Loan,1330,609,BLR-003
CUST0475,Krishna Patel,0,Pune,Current,450,384,PUN-006
CUST0476,Rohan Mehta,24,Kolkata,Loan,2974,612,CHN-004
CUST0477,Priya Patel,27,Mumbai,Savings,45,788,DL-002
CUST0478,Arjun Gupta,54,Ahmedabad,Savings,484,308,PUN-006
CUST0479,Vihaan Iyer,65,Bengaluru,Current,2090,372,CHN-004
CUST0480,Saanvi Patel,27,,Current,444,676,HYD-005
CUST0481,Arjun Bose,29,Bengaluru,Savings,595,843,LKN-010
CUST0482,Aarav Mehta,49,Pune,Loan,713,518,BLR-003
CUST0483,Priya Kapoor,34,Delhi,Savings,363,443,DL-002
CUST0484,Riya Bose,43,Kolkata,Current,592,443,CHN-004
CUST0485,Krishna Patel,36,Jaipur,Loan,526,591,MU-001
CUST0486,Rohan Reddy,34,,Loan,1388,821,CHN-004
CUST0487,Karan Bose,39,Mumbai,Savings,27,806,KOL-007
CUST0488,Vihaan Gupta,52,Lucknow,Savings,197,840,MU-001
CUST0489,Diya Rao,29,Kolkata,Loan,1802,730,PUN-006
CUST0490,Meera Mehta,51,Delhi,Savings,1325,369,MU-001
CUST0491,Krishna Joshi,23,Mumbai,Current,364,818,HYD-005
CUST0492,Rahul Saxena,47,Kolkata,Loan,580,711,DL-002
CUST0493,Rahul Tiwari,55,,Savings,194,584,DL-002
CUST0494,Ishaan Patel,53,Chennai,Savings,125,849,PUN-006
CUST0495,Saanvi Patel,40,Kolkata,Loan,373,544,MU-001
CUST0496,Atharva Patel,48,Delhi,Current,261,356,HYD-005
CUST0497,Rohan Mehta,28,Mumbai,Loan,525,440,MU-001
CUST0498,Reyansh Malhotra,43,Jaipur,Loan,48,565,BLR-003
CUST0499,Diya Kumar,38,Delhi,Savings,2198,643,KOL-007
CUST0500,Krishna Saxena,25,Hyderabad,Loan,2570,890,DL-002
CUST0131,Vihaan Tiwari,35,Bengaluru,Current,324,445,DL-002
CUST0292,Ishaan Bose,51,Jaipur,Current,22,719,LKN-010
CUST0038,Reyansh Nair,50,Chennai,Savings,61,753,JAI-009
CUST0240,Ananya Singh,56,Kolkata,Current,116,558,LKN-010
CUST0192,Atharva Rao,22,Bengaluru,Current,1365,353,BLR-003
CUST0421,Pooja Joshi,50,Delhi,Savings,940,611,MU-001
CUST0324,Rahul Bose,30,Chennai,Savings,197,886,DL-002
CUST0028,Priya Joshi,55,Chennai,Loan,433,619,KOL-007
CUST0212,Arjun Sharma,26,Jaipur,Savings,706,685,KOL-007
CUST0485,Krishna Patel,36,Jaipur,Loan,526,591,MU-001
